,City,Cloudiness,Country,Date,Humidity,Lat,Lng,Max Temp,Wind Speed
0,Kamuli,85,UG,1555690034,50,0.94,33.12,84.29,2.15
1,Hamilton,20,BM,1555689663,60,32.3,-64.78,72.0,12.75
2,Bredasdorp,100,ZA,1555689643,23,-34.53,20.04,73.4,11.41
3,Sitka,0,US,1555689680,48,37.17,-99.65,55.0,5.99
4,Ushuaia,75,AR,1555686000,81,-54.81,-68.31,46.4,32.21
5,Aksarka,92,RU,1555690035,90,66.56,67.8,19.49,5.48
6,Geraldton,20,CA,1555686000,34,49.72,-86.95,48.2,5.82
7,Soller,0,DE,1555690033,18,50.73,6.56,79.0,9.17
8,Cidreira,5,BR,1555690036,55,-30.17,-50.22,76.55,6.82
9,Pevek,100,RU,1555690036,93,69.7,170.27,13.55,12.19
10,Jamestown,100,AU,1555690037,26,-33.21,138.6,76.01,9.75
11,Butaritari,100,KI,1555690037,77,3.07,172.79,82.67,15.46
12,Beba,75,CU,1555687920,69,22.44,-79.73,80.6,8.05
13,Hilo,75,US,1555690020,88,19.71,-155.08,69.01,5.82
14,Bahia Blanca,0,AR,1555690038,29,-38.72,-62.27,71.69,6.08
15,Punta Arenas,20,CL,1555688586,62,-53.16,-70.91,51.8,17.22
16,Yaan,24,NG,1555690038,23,7.38,8.57,106.07,2.17
17,Severo-Kurilsk,1,RU,1555690038,90,50.68,156.12,34.43,23.15
18,Halifax,90,CA,1555689966,100,44.65,-63.58,51.01,23.04
19,Nhulunbuy,8,AU,1555687800,83,-12.18,136.78,77.0,4.7
20,Hermanus,100,ZA,1555689688,67,-34.42,19.24,66.99,1.99
21,Albany,90,US,1555689750,72,42.65,-73.75,72.0,9.17
22,Gua Musang,45,MY,1555690040,96,4.88,101.97,68.45,1.61
23,Kodiak,40,US,1555690024,17,39.95,-94.76,57.99,16.11
24,Lompoc,90,US,1555690010,100,34.64,-120.46,59.0,6.58
25,Carnarvon,83,ZA,1555690040,6,-30.97,22.13,80.69,23.09
26,Hithadhoo,100,MV,1555690040,79,-0.6,73.08,85.19,13.69
27,Baglung,43,NP,1555690040,48,28.27,83.59,48.47,1.95
28,Qazvin,40,IR,1555686000,66,36.28,50.01,55.4,4.7
29,Busselton,95,AU,1555690039,98,-33.64,115.35,44.01,30.02
30,Norman Wells,90,CA,1555688160,86,65.28,-126.83,28.4,4.7
31,Fez,75,MA,1555687800,63,34.03,-5.02,60.8,13.87
32,Sobolevo,90,RU,1555690041,38,54.43,31.9,52.79,2.33
33,Hobart,0,AU,1555689856,87,-42.88,147.33,48.0,5.82
34,Mercedes,98,UY,1555690042,65,-33.25,-58.03,75.29,6.98
35,Kindu,80,CD,1555690042,52,-2.95,25.92,90.41,1.16
36,Upernavik,1,GL,1555690042,64,72.79,-56.15,6.53,6.62
37,Zhigansk,1,RU,1555690042,83,66.77,123.37,12.83,7.23
38,Lebu,82,ET,1555690043,55,8.96,38.73,70.25,5.95
39,Bluff,0,AU,1555690043,78,-23.58,149.07,68.27,9.06
40,Yellowknife,90,CA,1555688564,86,62.45,-114.38,26.6,12.75
41,Mareeba,40,AU,1555689870,83,-16.99,145.42,73.4,12.75
42,Rikitea,3,PF,1555690043,74,-23.12,-134.97,78.35,7.0
43,Saint Anthony,1,US,1555689917,70,43.97,-111.68,55.0,4.29
44,Clyde River,40,CA,1555688160,83,70.47,-68.59,-5.81,9.17
45,Thompson,75,CA,1555686000,80,55.74,-97.86,39.2,3.36
46,Kathu,88,ZA,1555689672,37,-27.7,23.05,79.0,1.01
47,Puerto Ayora,20,EC,1555689681,74,-0.74,-90.35,84.2,12.75
48,Isangel,75,VU,1555686000,83,-19.55,169.27,78.8,22.15
49,Souris,90,CA,1555689966,100,46.36,-62.25,51.8,14.99
50,Toora-Khem,29,RU,1555690045,45,52.47,96.11,18.77,0.76
51,Belaya Gora,0,RU,1555690045,81,68.54,146.19,3.11,4.34
52,Katobu,0,ID,1555690046,93,-4.94,122.53,76.73,3.44
53,Chokurdakh,0,RU,1555690046,84,70.62,147.9,1.49,5.57
54,Saskylakh,43,RU,1555690046,94,71.97,114.09,-2.83,3.98
55,Quimper,0,FR,1555690025,50,48.0,-4.1,75.2,4.7
56,Barrow,0,AR,1555690047,31,-38.31,-60.23,71.87,2.17
57,Tanout,0,NE,1555690047,4,14.97,8.88,100.85,8.93
58,Gat,0,SN,1555687800,38,14.69,-16.54,87.8,14.99
59,Cayenne,75,GF,1555687800,70,4.94,-52.33,86.0,14.99
60,Bathsheba,40,BB,1555686000,62,13.22,-59.52,86.0,25.28
61,Praia da Vitoria,75,PT,1555689647,64,38.73,-27.07,73.4,8.57
62,Constitucion,5,MX,1555689616,26,23.99,-104.67,63.0,2.24
63,Whitianga,0,NZ,1555689910,90,-36.83,175.7,52.0,2.73
64,Cockburn Town,8,TC,1555690049,74,21.46,-71.14,78.53,20.65
65,Mar del Plata,60,AR,1555690049,43,-46.43,-67.52,58.01,18.77
66,Tlahuelilpan,0,MX,1555690050,47,20.13,-99.23,55.49,6.64
67,Grimshaw,20,CA,1555689651,56,56.19,-117.61,46.99,19.46
68,Amuntai,100,ID,1555690050,95,-2.42,115.25,76.37,1.16
69,Tasiilaq,78,GL,1555690050,84,65.61,-37.64,37.31,6.82
70,Kavaratti,69,IN,1555689810,73,10.57,72.64,84.47,13.13
71,Grand Haven,90,US,1555689755,75,43.06,-86.23,45.0,9.17
72,Neiafu,75,TO,1555686000,88,-18.65,-173.98,77.0,13.87
73,Sambava,98,MG,1555690051,98,-14.27,50.17,73.13,2.86
74,Faya,40,SA,1555686000,68,18.39,42.45,73.4,11.41
75,Roald,0,NO,1555689684,50,62.58,6.12,64.4,8.05
76,Salisbury,0,GB,1555689797,31,51.07,-1.8,75.0,10.29
77,Cape Town,40,ZA,1555689962,88,-33.93,18.42,66.0,14.99
78,Kjopsvik,100,NO,1555689681,87,68.1,16.37,48.0,36.91
79,Soe,0,EE,1555689814,23,57.91,26.05,62.6,11.41
80,Kisangani,95,CD,1555690033,38,0.52,25.21,94.91,0.87
81,Torbay,90,CA,1555689710,38,47.66,-52.73,42.8,17.22
82,Nobeoka,13,JP,1555688508,77,32.66,131.66,52.0,2.15
83,San Borja,100,BO,1555690053,62,-14.86,-66.75,86.99,1.05
84,Idukki,100,IN,1555689778,82,9.85,76.97,82.49,0.09
85,Guerrero Negro,97,MX,1555690054,73,27.97,-114.04,63.23,11.81
86,Provideniya,100,RU,1555690054,59,64.42,-173.23,8.51,3.85
87,Bambous Virieux,75,MU,1555689842,74,-20.34,57.76,80.6,6.93
88,New Norfolk,0,AU,1555689976,87,-42.78,147.06,48.0,5.82
89,Codrington,75,AU,1555689965,93,-28.95,153.24,71.6,4.79
90,Oga,58,NG,1555690055,26,8.18,5.65,103.19,0.94
91,Santa Cruz,90,US,1555689938,87,36.97,-122.03,66.99,4.7
92,Sao Miguel do Araguaia,26,BR,1555690023,53,-13.28,-50.16,92.57,2.64
93,Tuktoyaktuk,81,CA,1555690059,94,69.44,-133.03,8.33,12.77
94,Hovd,0,NO,1555689916,39,63.83,10.7,60.8,3.36
95,Dawson,90,US,1555689763,70,39.85,-89.46,48.99,17.22
96,East London,76,ZA,1555690061,52,-33.02,27.91,79.43,5.61
97,Lucapa,57,AO,1555690061,47,-8.42,20.74,86.99,5.5
98,Viedma,0,AR,1555690061,43,-40.81,-62.99,67.19,10.65
99,Nikolskoye,0,RU,1555689937,40,59.7,30.79,54.0,15.66
100,Aklavik,90,CA,1555686000,85,68.22,-135.01,10.4,4.7
101,Port Elizabeth,90,US,1555690043,73,39.31,-74.98,75.99,13.87
102,Linxia,100,CN,1555690062,62,35.6,103.21,47.21,3.94
103,Sao Filipe,0,CV,1555690063,86,14.9,-24.5,71.33,21.14
104,Kapaa,75,US,1555689709,73,22.08,-159.32,73.4,16.11
105,San Patricio,100,PY,1555690063,63,-26.98,-56.83,74.57,4.5
106,Santana do Paraiso,19,BR,1555690064,49,-19.36,-42.57,81.59,3.53
107,Preeceville,100,CA,1555690064,47,51.95,-102.67,51.53,14.56
108,Port Lincoln,13,AU,1555690064,43,-34.72,135.86,76.37,20.71
109,Salalah,20,OM,1555685400,70,17.01,54.1,84.2,9.17
110,Chapais,90,CA,1555688160,85,49.78,-74.86,35.6,11.41
111,Port Hedland,45,AU,1555687800,88,-20.31,118.58,80.6,10.29
112,Shunyi,0,CN,1555690045,33,40.13,116.65,57.99,4.47
113,Avarua,100,CK,1555687800,83,-21.21,-159.78,73.4,9.17
114,Bogorodskoye,100,RU,1555690066,98,52.37,140.44,29.75,7.38
115,Touros,100,BR,1555690066,74,-5.2,-35.46,83.93,11.05
116,Mataura,100,NZ,1555689608,96,-46.19,168.86,52.0,0.81
117,Kahului,90,US,1555689890,73,20.89,-156.47,73.4,11.41
118,Itarema,100,BR,1555690067,81,-2.92,-39.92,84.29,6.96
119,Bayan,0,MN,1555690068,46,47.25,107.54,28.67,22.1
120,Williams Lake,90,CA,1555686000,93,52.13,-122.14,37.4,3.36
121,Lampazos de Naranjo,0,MX,1555690068,32,27.02,-100.51,72.77,2.35
122,Marion,90,US,1555689897,81,35.21,-90.2,50.0,13.87
123,Atuona,18,PF,1555690069,73,-9.8,-139.03,83.21,9.48
124,Cherskiy,2,RU,1555690070,93,68.75,161.3,-3.56,7.36
125,Yazman,54,SY,1555690070,49,36.74,38.46,59.27,14.25
126,Hofn,100,IS,1555690071,99,64.25,-15.21,37.31,15.79
127,Edd,96,ER,1555690071,66,13.93,41.69,86.81,12.82
128,Labuhan,99,ID,1555690071,93,-2.54,115.51,75.83,2.75
129,Kaifeng,0,CN,1555686000,50,34.8,114.35,53.6,6.71
130,Qaanaaq,97,GL,1555690072,83,77.48,-69.36,-14.89,4.79
131,Le Port,0,FR,1555690068,32,42.87,1.37,68.0,14.99
132,Luderitz,72,NA,1555689854,84,-26.65,15.16,59.81,14.58
133,Samarai,23,PG,1555690073,88,-10.62,150.67,73.13,3.09
134,Lagoa,20,PT,1555689746,87,37.14,-8.45,61.0,4.7
135,Yantal,96,RU,1555690074,75,56.85,105.25,20.93,14.61
136,Minatitlan,75,MX,1555686840,93,19.39,-104.05,75.2,2.86
137,Grand Junction,1,US,1555689747,32,39.06,-108.55,60.01,3.6
138,Odesskoye,64,RU,1555690074,51,54.21,72.97,32.27,4.32
139,Katsuura,75,JP,1555688291,62,33.93,134.5,57.2,11.41
140,Lastoursville,89,GA,1555690075,68,-0.81,12.73,85.37,5.28
141,Saint George,20,GR,1555689811,55,39.45,22.34,66.2,9.17
142,Truckee,1,US,1555689932,50,39.33,-120.18,64.99,3.4
143,Sabha,0,LY,1555690076,9,27.03,14.43,90.95,9.17
144,Fairfield,1,US,1555689988,82,38.25,-122.04,66.0,5.82
145,Ribeira Grande,75,PT,1555687800,93,38.52,-28.7,64.4,4.7
146,Riohacha,75,CO,1555686000,55,11.54,-72.91,87.8,16.11
147,Eureka,90,US,1555689813,100,40.8,-124.16,55.99,3.36
148,Valdosta,90,US,1555689905,94,30.83,-83.28,73.0,13.87
149,Poum,40,MK,1555687800,41,41.28,20.71,57.2,5.82
150,Bria,97,CF,1555690078,38,6.54,21.99,91.31,7.96
151,Tura,0,IN,1555689917,41,25.52,90.21,81.77,5.12
152,Svencionys,23,LT,1555690078,35,55.15,26.17,60.53,5.12
153,Lyngseidet,75,NO,1555689636,86,69.58,20.21,41.0,21.92
154,Nanortalik,0,GL,1555690078,58,60.14,-45.24,32.09,16.11
155,Vestmannaeyjar,90,IS,1555686000,100,63.44,-20.27,48.2,26.4
156,Kachiry,100,KZ,1555690079,54,53.07,76.1,32.99,7.47
157,Rawson,0,AR,1555690079,42,-43.3,-65.11,61.43,17.27
158,Mount Gambier,75,AU,1555686000,42,-37.83,140.78,64.4,10.29
159,Los Llanos de Aridane,40,ES,1555689958,60,28.66,-17.92,69.8,9.17
160,Mayumba,97,GA,1555690080,83,-3.44,10.65,83.21,10.96
161,Paamiut,0,GL,1555690080,61,61.99,-49.67,27.77,19.22
162,Zapolyarnyy,50,RU,1555687200,65,69.43,30.82,41.0,10.29
163,Esperance,40,TT,1555689907,58,10.24,-61.45,87.8,18.34
164,Ahuimanu,20,US,1555689934,73,21.44,-157.84,75.2,6.93
165,Vila Franca do Campo,40,PT,1555687800,88,37.72,-25.43,66.2,6.93
166,Yeppoon,9,AU,1555687800,83,-23.13,150.74,69.8,5.82
167,Bonoua,75,CI,1555687800,89,5.27,-3.6,84.2,8.05
168,Palmer,0,AU,1555689819,35,-34.85,139.16,78.01,9.17
169,Xinzhi,75,TW,1555689927,94,22.54,120.62,75.2,4.7
170,Salumbar,0,IN,1555690082,20,24.14,74.05,91.31,2.48
171,Khatanga,48,RU,1555690082,96,71.98,102.47,-5.36,3.29
172,Matara,90,PE,1555686000,66,-13.74,-72.9,51.8,5.75
173,Port Macquarie,75,AU,1555689604,100,-31.43,152.91,66.2,1.12
174,Oktyabrskiy,0,RU,1555689909,25,55.61,37.97,55.0,4.47
175,Zhanjiang,0,CN,1555690083,81,21.2,110.4,81.77,4.65
176,Tazovskiy,100,RU,1555690083,95,67.47,78.7,16.07,7.96
177,Laguna,75,MX,1555684800,27,27.52,-110.01,77.0,2.24
178,Ashqelon,75,IL,1555689838,52,31.67,34.57,64.99,18.34
179,Georgetown,40,GY,1555686000,70,6.8,-58.16,87.8,13.87
180,Castro,20,CL,1555686000,76,-42.48,-73.76,51.8,13.87
181,Porbandar,0,IN,1555687800,35,21.64,69.61,86.0,11.41
182,Yumen,100,CN,1555690085,40,40.29,97.04,57.65,6.89
183,Dikson,91,RU,1555690086,94,73.51,80.55,-0.13,3.02
184,Gushikawa,75,JP,1555688586,73,26.35,127.87,73.4,8.05
185,Lowestoft,0,GB,1555690075,55,52.48,1.75,71.01,8.05
186,Port Alfred,98,ZA,1555690086,44,-33.59,26.89,79.97,5.77
187,Ponta do Sol,0,BR,1555690087,53,-20.63,-46.0,76.91,3.13
188,Diego de Almagro,0,CL,1555689893,43,-26.39,-70.05,68.27,5.64
189,Ternate,20,PH,1555689784,70,14.29,120.72,84.99,9.17
190,Pitimbu,75,BR,1555686000,74,-7.47,-34.81,84.2,11.41
191,Ovsyanka,100,RU,1555690087,39,53.58,126.91,30.83,10.85
192,Mbanza-Ngungu,99,CD,1555690088,51,-5.25,14.87,90.77,0.31
193,Coquimbo,90,CL,1555686000,77,-29.95,-71.34,59.0,4.7
194,Zhangjiakou,100,CN,1555690088,58,40.77,114.88,44.15,6.98
195,Montepuez,5,MZ,1555690088,84,-13.13,39.0,77.09,5.66
196,Prince Rupert,90,CA,1555686000,81,54.32,-130.32,42.8,6.93
197,Broome,0,GB,1555690075,55,52.47,1.45,73.4,8.05
198,Oskemen,90,KZ,1555687800,100,49.96,82.61,35.6,6.71
199,Gemena,100,CD,1555690090,44,3.25,19.78,90.77,5.75
200,Hasaki,40,JP,1555689797,71,35.73,140.83,53.6,12.75
201,Tongren,100,CN,1555690090,88,27.72,109.18,67.55,7.78
202,Flin Flon,90,CA,1555686000,60,54.77,-101.88,42.8,2.24
203,Meulaboh,100,ID,1555690029,75,4.14,96.13,84.83,11.59
204,San Quintin,0,PH,1555690091,80,17.54,120.52,79.79,1.61
205,Dwarka,40,IN,1555689608,44,28.58,77.04,89.01,4.7
206,Itaberai,0,BR,1555690091,63,-16.02,-49.81,83.57,3.15
207,Vaini,5,IN,1555686000,74,15.34,74.49,80.6,6.93
208,Airai,10,TL,1555690092,76,-8.93,125.41,74.39,5.88
209,Juneau,90,US,1555689913,86,58.3,-134.42,39.2,4.7
210,Okhotsk,100,RU,1555690092,96,59.36,143.24,30.47,15.05
211,Mackay,75,CA,1555686000,93,53.65,-115.58,39.2,9.17
212,Omboue,90,GA,1555690093,82,-1.57,9.26,83.93,13.85
213,Yauya,66,PE,1555690093,72,-8.99,-77.29,45.95,8.88
214,Hualmay,100,PE,1555690093,93,-11.1,-77.61,68.27,9.62
215,Chuy,94,UY,1555690093,66,-33.69,-53.46,71.33,8.39
216,Tahe,100,CN,1555690093,38,52.34,124.71,36.23,10.09
217,Suntar,100,RU,1555690094,75,62.16,117.65,28.13,6.6
218,General Pico,0,AR,1555690094,21,-35.66,-63.75,82.49,7.09
219,Sarai,20,IN,1555687800,39,25.78,85.28,84.2,5.82
220,Luyang,0,CN,1555686000,82,31.88,117.26,60.8,6.71
221,Lumsden,20,CA,1555688562,50,50.65,-104.86,57.2,16.11
222,Plouzane,0,FR,1555690085,46,48.38,-4.62,75.2,16.11
223,Beloha,100,MG,1555690095,73,-25.17,45.06,72.41,14.54
224,Kidero,100,RU,1555690096,98,42.19,45.96,20.93,0.87
225,Mahebourg,75,MU,1555689842,74,-20.41,57.7,80.6,6.93
226,Cabo San Lucas,40,MX,1555689939,46,22.89,-109.91,84.0,1.83
227,Saint-Philippe,90,CA,1555690071,100,45.36,-73.48,55.99,14.99
228,Waingapu,0,ID,1555690029,86,-9.65,120.26,74.57,8.12
229,Fukuma,0,JP,1555689949,82,33.77,130.47,57.99,4.7
230,Mount Isa,0,AU,1555687800,46,-20.73,139.49,73.4,8.05
231,Klaksvik,40,FO,1555689060,81,62.23,-6.59,51.8,13.87
232,Dingle,37,PH,1555690097,71,11.0,122.67,78.53,6.35
233,Bethel,1,US,1555685760,92,60.79,-161.76,21.2,4.7
234,Linkou,0,CN,1555690098,40,45.29,130.27,31.19,2.04
235,Panguna,100,PG,1555690098,82,-6.32,155.48,81.23,6.26
236,Innisfail,75,CA,1555689617,81,52.02,-113.95,43.0,6.93
237,Praia,0,BR,1555689995,39,-20.25,-43.81,84.2,6.93
238,Pho Chai,98,TH,1555689730,49,16.33,103.77,93.0,6.93
239,Bazarnyy Syzgan,0,RU,1555690099,38,53.75,46.75,42.35,2.64
240,Kiama,6,AU,1555689931,100,-34.67,150.86,64.99,4.7
241,Kalmunai,100,LK,1555690099,89,7.42,81.82,79.43,6.33
242,Sibolga,100,ID,1555689812,75,1.74,98.78,85.73,11.83
243,Mweka,90,CD,1555690100,45,-4.85,21.56,88.43,1.83
244,Taoudenni,0,ML,1555690100,8,22.68,-3.98,96.53,21.27
245,Pompeia,0,BR,1555690004,54,-22.11,-50.17,78.89,3.53
246,Yerbogachen,44,RU,1555690100,87,61.28,108.01,16.79,3.0
247,Fortuna,90,ES,1555690076,87,38.18,-1.13,61.0,8.05
248,Qaqortoq,0,GL,1555690101,45,60.72,-46.03,37.67,12.77
249,Luwuk,100,ID,1555690101,99,-0.95,122.79,66.65,1.7
250,Grindavik,75,IS,1555687800,87,63.84,-22.43,48.2,28.86
251,Souillac,0,FR,1555690010,29,45.6,-0.6,82.0,10.29
252,Huarmey,100,PE,1555690101,91,-10.07,-78.15,69.17,10.42
253,Agadir,0,MA,1555687800,36,30.42,-9.58,75.2,14.99
254,Alpena,1,US,1555690097,80,45.06,-83.43,41.0,10.29
255,Odienne,100,CI,1555690102,30,9.51,-7.57,98.87,3.51
256,Arlit,0,NE,1555690102,4,18.74,7.39,101.39,2.08
257,College,90,US,1555689947,100,64.86,-147.8,28.99,5.82
258,Santiago del Estero,14,AR,1555690103,66,-27.8,-64.26,83.75,7.25
259,Ilulissat,0,GL,1555685400,44,69.22,-51.1,17.6,5.82
260,Mandera,47,ET,1555690103,40,3.94,41.86,94.01,9.86
261,Popondetta,99,PG,1555690103,87,-8.77,148.24,68.63,0.69
262,Lasa,40,CY,1555689642,59,34.92,32.53,66.2,13.87
263,Mwinilunga,86,ZM,1555690104,87,-11.73,24.43,71.87,4.63
264,Kibaya,40,RW,1555688567,50,-2.2,30.56,78.8,5.82
265,Ancud,20,CL,1555686000,76,-41.87,-73.83,51.8,13.87
266,Pervomayskiy,91,RU,1555690105,31,53.24,40.29,50.45,5.53
267,Pangnirtung,90,CA,1555686000,78,66.15,-65.72,15.8,8.05
268,Rodrigues Alves,75,BR,1555686000,79,-7.74,-72.65,86.0,2.06
269,San Cristobal,75,EC,1555689684,72,-0.39,-78.55,64.4,4.7
270,Creston,1,US,1555690082,53,41.06,-94.36,55.4,18.34
271,Mae Hong Son,40,MM,1555690107,35,19.3,97.96,84.29,1.95
272,Charlestown,90,US,1555689964,87,41.38,-71.64,70.0,21.92
273,Naze,75,NG,1555686000,66,5.43,7.07,89.6,5.82
274,Northam,0,GB,1555690034,43,51.04,-4.21,73.99,3.36
275,Alihe,0,CN,1555690108,31,50.57,123.73,37.13,7.34
276,Longyearbyen,90,NO,1555685400,94,78.22,15.63,35.6,8.05
277,Katherine,28,AU,1555687800,65,-14.47,132.26,78.8,6.93
278,Nyurba,100,RU,1555690108,77,63.29,118.35,25.97,11.1
279,Narsaq,0,GL,1555690108,45,60.91,-46.05,37.67,12.77
280,Magoula,40,GR,1555690102,36,38.08,23.52,64.0,11.41
281,Campo Maior,75,ES,1555690086,52,39.01,-7.07,66.99,5.82
282,Puerto Carreno,75,CO,1555686000,83,6.19,-67.49,82.4,4.7
283,Quelimane,40,MZ,1555686000,69,-17.88,36.89,82.4,9.17
284,Kaseda,2,JP,1555688584,77,31.42,130.32,60.01,5.01
285,Vao,70,EE,1555690110,38,59.1,26.19,55.67,6.4
286,Talara,40,PE,1555686000,290,-4.58,-81.27,62.6,19.46
287,Bilma,0,NE,1555690110,5,18.69,12.92,95.81,9.62
288,Manokwari,100,ID,1555689996,88,-0.87,134.08,74.03,2.55
289,Verkhnevilyuysk,100,RU,1555690110,74,63.45,120.31,25.97,11.97
290,Abaete,0,BR,1555689983,60,-19.16,-45.45,81.77,0.94
291,Pacific Grove,90,US,1555690098,87,36.62,-121.92,62.01,4.7
292,Brae,0,GB,1555687200,50,60.4,-1.35,57.2,23.04
293,Katangli,100,RU,1555690111,92,51.71,143.23,32.45,19.39
294,Trinidad,100,UY,1555690020,50,-33.52,-56.9,76.73,8.03
295,Acari,100,BR,1555690112,51,-6.44,-36.64,89.51,4.99
296,Oranjemund,78,ZA,1555690112,90,-28.55,16.43,60.89,8.08
297,Omura,0,JP,1555689355,82,32.92,129.95,59.0,11.99
298,Hope,90,CA,1555689703,100,49.38,-121.43,52.0,11.41
299,Peterhead,0,AU,1555689951,35,-34.83,138.5,78.01,9.17
300,Kavieng,100,PG,1555690113,74,-2.57,150.8,83.39,8.55
301,Marystown,100,CA,1555689602,100,47.17,-55.16,39.0,13.31
302,Ust-Maya,0,RU,1555690113,89,60.42,134.54,14.81,1.54
303,Miranda,75,CO,1555686000,94,3.25,-76.23,71.6,5.82
304,Margate,0,AU,1555690096,87,-43.03,147.26,48.0,5.82
305,Belmonte,84,PT,1555689808,57,40.36,-7.35,64.99,7.0
306,Sinnamary,44,GF,1555690114,81,5.38,-52.96,81.41,15.39
307,Marsa Matruh,20,EG,1555686000,55,31.35,27.25,64.4,11.41
308,Dzaoudzi,20,YT,1555687800,79,-12.79,45.27,84.2,8.05
309,Najran,40,SA,1555686000,35,17.54,44.22,84.2,17.22
310,Kidal,0,ML,1555690115,4,18.44,1.41,103.37,12.37
311,Kilembe,84,UG,1555690115,35,0.2,30.01,85.01,1.1
312,Mazagao,40,BR,1555686000,74,-0.12,-51.29,87.8,9.17
313,Jalalabad,1,AF,1555685700,53,34.43,70.46,75.2,4.59
314,Kenai,40,US,1555690023,58,60.55,-151.26,32.0,10.29
315,Russell,40,AR,1555686000,56,-33.01,-68.8,73.4,2.24
316,Kalisz,14,PL,1555690083,21,51.76,18.08,69.01,4.0
317,Kasongo-Lunda,82,CD,1555690116,41,-6.48,16.82,88.97,4.09
318,Khasan,0,RU,1555690117,27,42.43,130.64,45.05,3.15
319,Puerto Penasco,87,MX,1555689686,61,31.32,-113.53,73.99,3.0
320,Nizhniy Baskunchak,16,RU,1555690117,40,48.22,46.83,48.11,7.83
321,Abha,40,SA,1555686000,68,18.22,42.5,73.4,11.41
322,Leningradskiy,3,RU,1555690117,95,69.38,178.42,-2.83,7.0
323,Karang Tengah,82,ID,1555690118,79,-7.58,111.86,77.81,5.1
324,San Francisco,75,US,1555689968,76,37.78,-122.42,66.0,3.36
325,Salta,40,AR,1555686000,69,-24.79,-65.41,77.0,2.24
326,Trairi,99,BR,1555690118,87,-3.28,-39.27,81.77,6.62
327,Elizabeth City,75,US,1555690101,69,36.3,-76.22,79.0,15.77
328,La Asuncion,100,EC,1555690119,82,-1.64,-78.74,54.23,1.74
329,Terrace,90,CA,1555687020,93,54.52,-128.61,37.4,6.93
330,Ekibastuz,100,KZ,1555690119,66,51.72,75.32,29.75,15.86
331,Birao,91,CF,1555690119,8,10.3,22.78,103.37,14.32
332,Ruteng,12,ID,1555690119,90,-8.61,120.46,74.57,1.54
333,High Level,40,CA,1555686000,36,58.52,-117.13,48.2,5.82
334,Umm Lajj,0,SA,1555690120,61,25.02,37.27,74.39,20.47
335,Mvuma,0,ZW,1555690120,56,-19.28,30.53,72.77,7.99
336,Dombarovskiy,0,RU,1555689908,29,50.76,59.54,38.57,8.05
337,Otradnoye,0,RU,1555689937,40,59.77,30.8,54.0,15.66
338,Muzhi,56,RU,1555690120,81,65.4,64.7,25.07,10.83
339,Chhagalnaiya,51,BD,1555690121,44,23.03,91.51,85.55,5.41
340,Half Moon Bay,75,US,1555689923,76,37.46,-122.43,66.0,3.36
341,Atherton,12,GB,1555690110,35,53.52,-2.49,73.99,4.7
342,Hirson,64,FR,1555690118,33,49.92,4.08,73.99,8.05
343,Tanabe,1,JP,1555690006,55,33.73,135.39,48.99,1.01
344,Vanimo,32,PG,1555690121,75,-2.67,141.3,81.77,3.04
345,Caravelas,0,BR,1555690122,54,-17.73,-39.27,90.41,3.87
346,Xinan,40,CN,1555690102,88,22.55,113.89,75.99,14.99
347,Rio Gallegos,20,AR,1555686000,58,-51.62,-69.22,53.6,25.28
348,Rome,0,IT,1555689964,34,41.89,12.48,71.6,8.05
349,Novovasylivka,100,UA,1555690123,44,48.2,37.04,47.75,12.97
350,Ketchikan,40,US,1555685760,93,55.34,-131.65,41.0,5.82
351,Yanam,40,IN,1555687800,54,16.73,82.22,84.2,6.93
352,Faanui,11,PF,1555690123,73,-16.48,-151.75,84.29,7.78
353,Saint-Francois,0,FR,1555689679,33,46.42,3.91,77.0,9.17
354,Lewistown,90,US,1555690120,66,40.39,-90.15,51.01,20.8
355,Majene,68,ID,1555690124,68,-3.54,118.97,85.19,5.75
356,Port Hardy,75,CA,1555686000,93,50.7,-127.42,42.8,4.7
357,Sao Cristovao,75,BR,1555689600,66,-11.01,-37.21,86.0,9.17
358,Sayyan,84,YE,1555690125,56,15.17,44.32,75.47,6.62
359,Aripuana,100,BR,1555690125,88,-9.17,-60.63,82.85,2.86
360,Maragogi,98,BR,1555690125,56,-9.01,-35.22,89.87,8.66
361,Khorinsk,2,RU,1555690125,73,52.16,109.78,17.51,10.56
362,Englewood,20,US,1555689939,37,39.65,-104.99,63.0,4.7
363,Banamba,0,ML,1555690126,5,13.55,-7.45,107.87,11.05
364,Lavrentiya,0,RU,1555690126,81,65.58,-170.99,-7.33,5.46
365,Te Anau,100,NZ,1555690126,93,-45.41,167.72,46.85,3.38
366,Torbat-e Jam,0,IR,1555690127,41,35.24,60.63,70.25,7.47
367,Pinchote,75,CO,1555686000,94,6.53,-73.17,71.6,3.36
368,Lanzhou,90,CN,1555686000,76,36.06,103.82,48.2,11.18
369,Ozinki,0,RU,1555690127,29,51.2,49.73,46.49,7.58
370,Port Blair,22,IN,1555690127,70,11.67,92.75,85.73,10.98
371,Necochea,0,AR,1555689109,50,-38.55,-58.74,68.0,3.0
372,Chingola,57,ZM,1555690128,84,-12.55,27.86,70.97,7.67
373,Cherdakly,3,RU,1555686000,26,54.36,48.84,46.4,4.47
374,Gigmoto,0,PH,1555690128,74,13.78,124.39,81.77,8.66
375,Avera,90,US,1555690081,100,33.19,-82.53,77.0,11.41
376,Tremedal,75,BR,1555686000,57,-14.98,-41.41,80.6,3.36
377,Sfantu Gheorghe,20,RO,1555690054,62,44.65,26.83,57.0,13.87
378,Evensk,65,RU,1555690129,87,61.92,159.24,27.77,1.3
379,Bom Jesus,47,BR,1555690130,52,-9.08,-44.36,90.77,6.2
380,Bonavista,100,CA,1555688799,69,48.65,-53.11,39.0,8.01
381,Pisco,0,PE,1555689683,30,-13.71,-76.2,75.99,8.05
382,Jackson,90,US,1555689913,93,35.61,-88.82,48.0,14.99
383,Tamugan,40,PH,1555686000,79,7.23,125.38,84.2,2.24
384,Tongzi,1,CN,1555690132,64,28.78,105.09,80.87,3.96
385,Belle Fourche,90,US,1555689928,36,44.67,-103.85,66.99,11.41
386,Boueni,20,YT,1555687800,79,-12.9,45.08,84.2,8.05
387,Papara,75,BR,1555690100,66,-3.98,-38.73,88.0,10.29
388,Hellin,90,ES,1555689917,100,38.51,-1.7,48.2,8.05
389,Biak,100,ID,1555690133,99,-0.91,122.88,66.65,1.7
390,Pilar,0,AR,1555690033,57,-34.46,-58.91,82.99,6.93
391,Yar-Sale,97,RU,1555690133,89,66.83,70.83,22.01,15.26
392,Lata,98,IN,1555690133,98,30.78,78.62,29.75,0.4
393,Marawi,20,PH,1555689688,87,8.0,124.29,78.01,4.0
394,Dzilam Gonzalez,0,MX,1555690134,75,21.28,-88.93,79.43,10.33
395,Petropavlovsk-Kamchatskiy,75,RU,1555686000,86,53.05,158.65,28.4,4.47
396,Pimentel,100,BR,1555690134,79,-3.7,-45.5,85.19,3.91
397,Kastornoye,85,RU,1555690134,40,51.83,38.13,50.09,6.31
398,Buraydah,0,SA,1555686000,26,26.33,43.97,84.2,3.36
399,Goya,100,AR,1555690135,61,-29.14,-59.27,77.27,5.57
400,Ambon,0,FR,1555690025,41,47.55,-2.56,77.0,5.82
401,Okha,100,RU,1555690135,90,53.59,142.95,33.53,12.39
402,Djambala,100,CG,1555690136,70,-2.55,14.76,81.95,8.41
403,Jalu,0,LY,1555690136,22,29.03,21.55,78.35,11.21
404,Vestmanna,40,FO,1555689060,81,62.16,-7.17,51.8,13.87
405,Bud,0,NO,1555689684,50,62.91,6.91,64.4,8.05
406,Ardesen,75,TR,1555687800,87,41.19,40.99,50.0,4.7
407,Totskoye,0,RU,1555690137,35,52.53,52.75,42.35,6.71
408,Loreto,2,PY,1555690137,48,-23.27,-57.32,92.57,6.31
409,Naliya,0,IN,1555690137,56,23.26,68.83,81.95,16.44
410,Hobyo,6,SO,1555690138,68,5.35,48.53,84.83,11.34
411,Dumas,0,IN,1555687800,38,21.09,72.71,87.8,3.36
412,Esso,83,RU,1555690138,86,55.93,158.7,20.21,0.83
413,Bam,2,IR,1555690138,20,29.11,58.36,68.81,5.84
414,Palmas,20,BR,1555686000,74,-10.18,-48.33,84.2,5.82
415,Chuka,70,KE,1555690139,52,-0.33,37.65,77.63,5.55
416,Vardo,90,US,1555690125,78,39.62,-77.74,73.0,9.17
417,Uvinza,53,TZ,1555690139,61,-5.1,30.39,80.33,4.14
418,Adiake,75,CI,1555687800,89,5.29,-3.3,84.2,8.05
419,Egvekinot,100,RU,1555690140,90,66.32,-179.17,2.57,9.26
420,Victoria,90,BN,1555687800,94,5.28,115.24,78.8,2.24
421,Pochutla,20,MX,1555688775,66,15.74,-96.47,87.01,0.81
422,Fairbanks,90,US,1555689947,100,64.84,-147.72,28.99,5.82
423,Raudeberg,30,NO,1555687200,41,61.99,5.14,57.2,9.17
424,Saint-Pierre,0,FR,1555689762,35,48.95,4.24,77.0,12.75
425,Kutum,12,SD,1555690142,8,14.2,24.66,93.47,9.51
426,Batemans Bay,3,AU,1555689694,90,-35.71,150.18,64.99,1.01
427,Iqaluit,90,CA,1555688561,79,63.75,-68.52,26.6,12.75
428,Miramar,0,CR,1555689609,54,10.09,-84.73,82.4,3.36
429,Arman,100,RU,1555690144,98,59.7,150.17,26.51,4.74
430,Yangjiang,90,CN,1555689992,82,21.85,111.96,80.01,3.09
431,Umba,78,RU,1555690144,86,66.69,34.34,39.29,5.08
432,Bata,100,GQ,1555690145,75,1.87,9.77,84.11,8.43
433,Carbonia,0,IT,1555687200,59,39.17,8.53,68.0,18.34
434,Gouyave,20,GD,1555686000,62,12.16,-61.73,86.0,19.46
435,Oktyabrskoye,0,RU,1555689673,68,56.73,85.44,32.0,6.71
436,Hamakita,40,JP,1555689883,51,34.8,137.78,60.8,8.05
437,Clayton,0,US,1555690111,44,36.45,-103.19,55.0,8.99
438,Bose,0,IT,1555690134,40,45.46,8.01,73.0,3.36
439,Ostrovnoy,99,RU,1555690147,98,68.05,39.51,34.43,10.63
440,Lunavada,0,IN,1555690147,16,23.13,73.61,91.85,4.83
441,Marienburg,0,DE,1555690107,30,52.12,9.98,73.4,14.99
442,Requena,75,ES,1555690087,93,39.49,-1.1,57.99,23.04
443,Waipawa,3,NZ,1555689915,94,-39.94,176.59,37.99,1.99
444,Podporozhye,96,RU,1555690148,83,60.91,34.16,45.77,6.4
445,Dhidhdhoo,75,MV,1555690148,73,6.88,73.1,85.91,11.54
446,George,100,NG,1555690148,54,6.63,3.35,92.57,11.45
447,Dongsheng,1,CN,1555690148,68,29.72,112.52,71.51,12.48
448,San Antonio,90,CL,1555686000,87,-33.58,-71.61,59.0,2.24
449,Broken Hill,42,AU,1555686000,32,-31.97,141.45,68.0,6.93
450,Westport,0,IE,1555690090,45,53.8,-9.52,68.0,12.75
451,Sayansk,15,RU,1555690149,53,54.11,102.18,25.97,7.52
452,North Las Vegas,1,US,1555689967,25,36.2,-115.11,75.0,5.5
453,Yishui,1,CN,1555690150,38,35.78,118.63,53.15,3.56
454,Vilyuysk,94,RU,1555690150,80,63.75,121.63,22.91,13.8
455,Dolores,19,AR,1555690031,56,-36.31,-57.68,77.63,10.4
456,Saint-Jerome,90,CA,1555689819,100,45.78,-74.0,52.0,3.36
457,Guangyuan,100,CN,1555690151,96,32.43,105.86,61.25,2.42
458,Beyneu,58,KZ,1555690151,51,45.32,55.19,46.67,8.5
459,Tiksi,67,RU,1555690151,83,71.64,128.87,14.63,9.1
460,Nizhniy Kuranakh,100,RU,1555690151,90,58.84,125.49,25.43,5.28
461,Bowling Green,90,US,1555689949,87,36.99,-86.44,51.01,10.29
462,Arraial do Cabo,20,BR,1555686000,74,-22.97,-42.02,82.4,18.34
463,Shitanjing,100,CN,1555690077,51,39.23,106.34,57.0,3.0
464,Fenelon Falls,90,CA,1555689905,93,44.54,-78.74,48.0,11.41
465,Batesville,90,US,1555689944,57,35.77,-91.64,53.6,14.99
466,Nouakchott,0,MR,1555687800,31,18.08,-15.98,87.8,18.34
467,Kingston,90,CA,1555689973,93,44.23,-76.48,59.0,13.87
468,Watsa,85,CD,1555690153,30,3.04,29.53,92.21,2.17
469,Yarim,79,YE,1555690153,68,14.3,44.38,71.69,5.75
470,Matamoros,40,US,1555690113,31,25.87,-97.51,78.01,6.93
471,Harper,40,US,1555690082,31,30.3,-99.24,68.0,18.34
472,Wanaka,97,NZ,1555690154,94,-44.7,169.14,43.79,5.35
473,Kiunga,100,PG,1555690154,98,-6.12,141.3,73.85,1.36
474,Qufu,56,CN,1555689728,29,35.6,116.99,62.01,4.38
475,Nikolsk,100,RU,1555690154,86,59.53,45.45,39.29,3.02
476,Campo de Criptana,100,ES,1555690155,85,39.41,-3.13,49.19,14.92
477,Waverly,75,US,1555690145,73,37.04,-77.1,78.01,16.11
478,Soke,12,ML,1555690155,5,13.6,-5.94,108.59,9.08
479,Anadyr,0,RU,1555688586,85,64.73,177.51,10.4,11.18
480,Tuatapere,100,NZ,1555689608,96,-46.13,167.69,52.0,3.89
481,Nambucca Heads,75,AU,1555690106,94,-30.64,152.99,68.0,5.82
482,Hengshui,43,CN,1555690156,25,37.73,115.7,56.93,3.44
483,Matagami,28,NG,1555690156,15,9.67,8.4,104.27,0.74
484,Kieta,100,PG,1555690156,73,-6.22,155.63,83.03,6.22
485,Nevsehir,75,TR,1555687200,61,38.62,34.71,48.2,13.87
486,Alofi,90,NU,1555686000,69,-19.06,-169.92,77.0,14.99
487,Nasirabad,0,IN,1555690157,27,26.3,74.74,82.85,6.55
488,Jaru,100,BR,1555690157,84,-10.43,-62.48,84.47,1.14
489,Nuqui,90,CO,1555686000,94,5.71,-77.27,78.8,5.82
490,Christchurch,90,NZ,1555689663,100,-43.53,172.64,48.2,4.7
491,Acajutla,20,SV,1555690055,65,13.59,-89.83,83.93,2.64
492,Kandi,62,BJ,1555690158,10,11.13,2.93,108.77,4.21
493,Normandin,90,CA,1555686000,80,48.84,-72.53,39.2,9.17
494,Pyapon,0,MM,1555690158,71,16.29,95.68,83.75,12.68
495,Tucupita,46,VE,1555690158,44,9.06,-62.05,91.85,8.81
496,Mill Valley,1,US,1555690156,87,37.91,-122.55,64.99,5.82
497,Sakata,0,JP,1555690159,48,38.92,139.93,47.93,13.33
498,Lorengau,97,PG,1555690159,92,-2.02,147.27,76.91,2.46
499,Harrismith,0,ZA,1555690159,34,-28.27,29.13,71.51,6.89
500,Sadovoye,79,RU,1555690160,35,47.78,44.52,47.93,10.27
501,Tautira,0,PF,1555688582,69,-17.73,-149.15,80.6,6.93
502,Eyl,19,SO,1555690160,61,7.98,49.82,83.75,13.27
503,Itapaci,0,BR,1555690027,61,-14.95,-49.55,87.17,1.83
504,Benghazi,0,LY,1555689929,51,32.12,20.07,67.37,20.96
505,North Bend,90,US,1555689932,100,43.41,-124.22,54.0,4.7
506,Lamu,99,ID,1555690161,87,0.57,122.3,77.45,3.69
507,Wasilla,90,US,1555690037,86,61.58,-149.44,30.99,5.28
508,Ixtapa,90,MX,1555689921,73,20.71,-105.21,79.0,4.16
509,Santa Rita,37,VE,1555690163,40,10.21,-67.56,89.15,3.96
510,Xichang,1,CN,1555690163,56,27.88,102.25,52.07,3.47
511,Todi,20,IT,1555690124,42,42.78,12.41,70.0,14.99
512,Miandrivazo,62,MG,1555690164,62,-19.53,45.46,85.01,6.04
513,Angoche,9,MZ,1555690165,80,-16.23,39.91,79.79,8.28
514,Ulcinj,20,ME,1555687800,27,41.93,19.22,73.4,10.29
515,Makakilo City,40,US,1555689934,73,21.35,-158.09,75.2,5.82
516,Ziniare,20,BF,1555686000,21,12.58,-1.3,104.0,6.93
517,Jieshi,99,CN,1555689971,10,22.82,115.83,71.01,2.26
518,Palestine,1,US,1555690027,59,31.76,-95.63,62.01,14.99
519,Wahiawa,20,US,1555689934,73,21.5,-158.02,75.2,6.93
520,Fortaleza,75,BR,1555689600,66,-3.73,-38.52,88.0,10.29
521,Cessnock,90,AU,1555689952,100,-32.83,151.35,66.0,0.51
522,Yorosso,99,ML,1555690168,19,12.35,-4.78,105.35,4.47
523,Grand Forks,1,US,1555689683,76,47.91,-97.06,53.6,12.75
524,Honiara,75,SB,1555686000,94,-9.43,159.96,77.0,3.36
525,Balingasay,3,PH,1555690168,70,16.36,119.86,85.01,3.29
526,Tshane,70,BW,1555690168,20,-24.02,21.87,86.27,5.68
527,Maceio,40,BR,1555689600,52,-9.67,-35.74,89.6,11.41
528,Buin,75,CL,1555686000,87,-33.73,-70.74,55.4,3.36
529,Kuytun,9,RU,1555690169,45,54.34,101.51,27.41,12.15
530,Baneh,90,IR,1555686000,100,35.99,45.88,50.0,11.41
531,Maniitsoq,0,GL,1555690169,40,65.42,-52.9,17.87,2.68
532,Kota Belud,75,MY,1555689017,88,6.35,116.43,80.6,2.24
533,Pathein,0,MM,1555690170,79,16.78,94.73,82.49,10.8
534,Orlik,0,RU,1555690170,80,52.51,99.83,-2.3,7.65
535,Vila Velha,75,BR,1555690100,66,-3.71,-38.6,88.0,10.29
536,Vanavara,100,RU,1555690170,78,60.35,102.28,21.11,18.34
537,Lakatoro,80,VU,1555686000,94,-16.11,167.42,77.0,2.24
538,Nerchinskiy Zavod,100,RU,1555690171,48,51.31,119.61,39.29,10.98
539,Kalga,100,RU,1555690171,44,50.92,118.9,35.51,17.0
540,Manggar,100,ID,1555690171,90,-2.88,108.27,78.89,1.39
541,Sirjan,0,IR,1555690171,21,29.44,55.67,73.31,13.27
542,Baturaja,100,ID,1555690171,95,-4.12,104.17,75.65,2.04
543,Lichuan,91,CN,1555690171,72,30.3,108.94,68.81,7.78
544,Novikovo,100,UA,1555690172,69,45.05,34.56,37.13,16.06
545,Ola,98,RU,1555690172,89,59.58,151.3,31.19,5.32
546,Balgazyn,11,RU,1555690172,28,51.0,95.2,26.51,5.08
547,Fukue,20,JP,1555690074,66,35.03,136.69,55.4,25.28
548,Kloulklubed,90,PW,1555689000,94,7.04,134.26,77.0,4.7
549,Mahajanga,20,MG,1555686000,74,-15.72,46.32,86.0,2.24
550,Ilhabela,0,BR,1555690173,76,-23.78,-45.36,75.83,11.59
551,Bemidji,1,US,1555690104,37,47.48,-94.89,57.99,12.75
552,Mastic Beach,90,US,1555690160,82,40.77,-72.85,69.01,12.75
553,Ballymena,0,GB,1555690037,52,54.87,-6.28,69.8,9.17
554,Skjervoy,100,NO,1555690174,87,70.03,20.97,41.27,13.35
555,San Policarpo,46,PH,1555690174,74,12.18,125.51,80.87,3.91
556,Khandyga,0,RU,1555690174,78,62.65,135.58,11.03,5.17
557,Beringovskiy,0,RU,1555690174,84,63.05,179.32,16.79,7.61
558,Tilichiki,74,RU,1555690175,90,60.47,166.1,29.57,2.91
